Category,English,Turkish
Common expressions,Be careful.,Dikkat olmak.
Common expressions,Be careful driving.,Sürerken dikkatli ol.
Common expressions,Can you translate this for me?,Bunu benim için tercüme edebilir misin?
Common expressions,Chicago is very different from Boston.,Chicago Boston'dan çok farklı.
Common expressions,Don't worry.,Merak etme.
Common expressions,Everyone knows it.,Bunu herkes bilir.
Common expressions,Everything is ready.,Herşey hazır.
Common expressions,Excellent.,Harika.
Common expressions,From time to time.,Zamandan zamana.
Common expressions,Good idea.,İyi bir fikir.
Common expressions,He likes it very much.,Çok hoşuna gidiyor.
Common expressions,Help!,Yardım!
Common expressions,He's coming soon.,Yakında gelecek.
Common expressions,He's right.,O haklı.
Common expressions,He's very annoying.,Çok sinir bozucu biri.
Common expressions,He's very famous.,O çok ünlü.
Common expressions,How are you?,Nasılsın?
Common expressions,How's work going?,Iş nasıl gidiyor?
Common expressions,Hurry!,Acele etmek!
Common expressions,I ate already.,Çoktan yedim.
Common expressions,I can't hear you.,Seni duyamıyorum.
Common expressions,I'd like to go for a walk.,Yürüyüşe çıkmak isterim.
Common expressions,I don't know how to use it.,Nasıl kullanılacağını bilmiyorum.
Common expressions,I don't like him.,Ondan hoşlanmıyorum.
Common expressions,I don't like it.,Bundan hoşlanmıyorum.
Common expressions,I don't speak very well.,Pek iyi konuşamıyorum.
Common expressions,I don't understand.,Anlamıyorum.
Common expressions,I don't want it.,Bunu istemiyorum.
Common expressions,I don't want that.,Bunu istemiyorum.
Common expressions,I don't want to bother you.,Seni rahatsız etmek istemiyorum.
Common expressions,I feel good.,İyi hissediyorum.
Common expressions,"If you need my help, please let me know.",Yardımıma ihtiyacınız olursa lütfen bana bildirin.
Common expressions,I get off of work at 6.,İşten 6'da çıkıyorum.
Common expressions,I have a headache.,Başım ağrıyor.
Common expressions,I hope you and your wife have a nice trip.,Umarım siz ve eşiniz güzel bir yolculuk geçirirsiniz.
Common expressions,I know.,Biliyorum.
Common expressions,I like her.,Onu sevdim.
Common expressions,I'll call you when I leave.,Ayrıldığımda seni arayacağım.
Common expressions,I'll come back later.,Ben daha sonra gelirim.
Common expressions,I'll pay.,Ben ödeyeceğim.
Common expressions,I'll take it.,Onu alacağım.
Common expressions,I'll take you to the bus stop.,Seni otobüs durağına götüreceğim.
Common expressions,I lost my watch.,Saatimi kaybettim.
Common expressions,I love you.,Seni seviyorum.
Common expressions,I'm an American.,Ben bir Amerikalıyım.
Common expressions,I'm cleaning my room.,Odamı temizliyorum.
Common expressions,I'm cold.,Üşüyorum.
Common expressions,I'm coming to pick you up.,Seni almaya geliyorum.
Common expressions,I'm going to leave.,Ben gideceğim.
Common expressions,"I'm good, and you?",Ben iyiyim ya sen?
Common expressions,I'm happy.,Mutluyum.
Common expressions,I'm hungry.,Açım.
Common expressions,I'm married.,Ben evliyim.
Common expressions,I'm not busy.,Meşgul değilim.
Common expressions,I'm not married.,Evli değilim.
Common expressions,I'm not ready yet.,Henüz hazır değilim.
Common expressions,I'm not sure.,Emin değilim.
Common expressions,"I'm sorry, we're sold out.","Üzgünüm, tükendik."
Common expressions,I'm thirsty.,Susadım.
Common expressions,I'm very busy. I don't have time now.,Ben çok meşgulüm. Şimdi zamanım yok.
Common expressions,I need to change clothes.,Kıyafetleri değiştirmem gerekiyor.
Common expressions,I need to go home.,Eve gitmem lazım.
Common expressions,I only want a snack.,Sadece atıştırmalık istiyorum.
Common expressions,Is Mr. Smith an American?,Bay Smith Amerikalı mı?
Common expressions,Is that enough?,Bu yeterli mi?
Common expressions,I think it's very good.,Bence bu çok iyi.
Common expressions,I think it tastes good.,Bence tadı güzel.
Common expressions,I thought the clothes were cheaper.,Kıyafetlerin daha ucuz olduğunu sanıyordum.
Common expressions,It's longer than 2 miles.,2 milden uzun.
Common expressions,I've been here for two days.,İki gündür buradayım.
Common expressions,I've heard Texas is a beautiful place.,Teksas'ın güzel bir yer olduğunu duydum.
Common expressions,I've never seen that before.,Bunu daha önce hiç görmemiştim.
Common expressions,I was about to leave the restaurant when my friends arrived.,Arkadaşlarım geldiğinde restorandan ayrılmak üzereydim.
Common expressions,Just a little.,Birazcık.
Common expressions,Just a moment.,Bir dakika.
Common expressions,Let me check.,Kontrol edeyim.
Common expressions,Let me think about it.,Bunun hakkında düşünmeme izin ver.
Common expressions,Let's go have a look.,Hadi gidip bir bakalım.
Common expressions,Let's practice English.,İngilizce pratik yapalım.
Common expressions,May I speak to Mrs. Smith please?,Bayan Smith'le konuşabilir miyim lütfen?
Common expressions,More than that.,Daha Fazlası.
Common expressions,Never mind.,Boş ver.
Common expressions,Next time.,Bir dahaki sefer.
Common expressions,No.,HAYIR.
Common expressions,Nonsense.,Anlamsız.
Common expressions,"No, thank you.",Hayır teşekkürler.
Common expressions,Nothing else.,Başka hiçbir şey.
Common expressions,Not recently.,Yakın zamanda değil.
Common expressions,Not yet.,Henüz değil.
Common expressions,Of course.,Elbette.
Common expressions,Okay.,Tamam aşkım.
Common expressions,Please fill out this form.,Bu formu doldurun.
Common expressions,Please take me to this address.,Lütfen beni bu adrese götürün.
Common expressions,Please write it down.,Lütfen yazın.
Common expressions,Really?,Gerçekten mi?
Common expressions,Right here.,Tam burada.
Common expressions,Right there.,Tam orada.
Common expressions,See you later.,Sonra görüşürüz.
Common expressions,See you tomorrow.,Yarın görüşürüz.
Common expressions,See you tonight.,Bu akşam görüşürüz.
Common expressions,She's pretty.,O çok hoş.
Common expressions,Sorry to bother you.,Sizi rahatsız ettiğim için özür dilerim.
Common expressions,Stop!,Durmak!
Common expressions,Take a chance.,Şansını dene.
Common expressions,Take it outside.,Dışarıya çıkar.
Common expressions,Tell me.,Söyle bana.
Common expressions,Thanks for everything.,Her şey için teşekkürler.
Common expressions,Thanks for your help.,Yardımlarınız için teşekkürler.
Common expressions,Thank you.,Teşekkür ederim.
Common expressions,Thank you miss.,Teşekkürler bayan.
Common expressions,Thank you sir.,Teşekkürler bayım.
Common expressions,Thank you very much.,Çok teşekkür ederim.
Common expressions,That looks great.,Harika görünüyor.
Common expressions,That's alright.,Sorun değil.
Common expressions,That's enough.,Bu yeterli.
Common expressions,That's fine.,Bu iyi.
Common expressions,That's it.,Bu kadar.
Common expressions,That smells bad.,Bu kötü kokuyor.
Common expressions,That's not fair.,Adil değil.
Common expressions,That's not right.,Bu doğru değil.
Common expressions,That's right.,Bu doğru.
Common expressions,That's too bad.,Bu çok kötü.
Common expressions,That's too many.,Bu haddinden fazla.
Common expressions,That's too much.,Bu çok fazla.
Common expressions,The book is under the table.,Kitap masanın altında.
Common expressions,They'll be right back.,Hemen dönecekler.
Common expressions,They're the same.,Onlar aynı.
Common expressions,They're very busy.,Çok meşguller.
Common expressions,This doesn't work.,Bu işe yaramıyor.
Common expressions,This is very difficult.,Bu çok zor.
Common expressions,This is very important.,Bu çok önemli.
Common expressions,Try it.,Dene.
Common expressions,"Very good, thanks.",Çok iyi teşekkürler.
Common expressions,We like it very much.,Biz bunu çok beğendik.
Common expressions,Would you take a message please?,Lütfen mesaj atar mısınız?
Common expressions,"Yes, really.",Evet gerçekten.
Common expressions,You're beautiful.,Güzelsin.
Common expressions,You're very nice.,Çok iyisiniz.
Common expressions,You're very smart.,Sen çok zekisin.
Common expressions,Your things are all here.,Eşyalarınızın hepsi burada.
Greetings,Certainly!,Kesinlikle!
Greetings,Good afternoon.,Tünaydın.
Greetings,Good evening sir.,İyi akşamlar bayım.
Greetings,Good Luck.,İyi şanlar.
Greetings,Good morning.,Günaydın.
Greetings,Great.,Harika.
Greetings,Happy Birthday.,Doğum günün kutlu olsun.
Greetings,Have a good trip.,İyi yolculuklar.
Greetings,Hello.,Merhaba.
Greetings,Nice to meet you,Tanıştığıma memnun oldum
Greetings,Please call me.,Lütfen beni ara.
"Travel, directions",About 300 kilometers.,Yaklaşık 300 kilometre.
"Travel, directions",A one way ticket.,Gidiş bileti.
"Travel, directions",Are you going to help her?,Ona yardım edecek misin?
"Travel, directions",A round trip ticket.,Bir gidiş.
"Travel, directions",At what time?,Ne zaman?
"Travel, directions",Can I make an appointment for next Wednesday?,Önümüzdeki çarşamba için randevu alabilir miyim?
"Travel, directions",Can you repeat that please?,Tekrar eder misin lütfen?
"Travel, directions",Does this road go to New York?,Bu yol New York'a gidiyor mu?
"Travel, directions",Do you have enough money?,Yeterince paran var mı?
"Travel, directions",Do you know how to cook?,Yemek yapmayı biliyor musun?
"Travel, directions",Do you know what this says?,Bu ne diyor biliyor musun?
"Travel, directions",Do you want me to come and pick you up?,Gelip seni almamı ister misin?
"Travel, directions",Follow me.,Beni takip et.
"Travel, directions",From here to there.,Buradan oraya.
"Travel, directions",Go straight ahead.,Dümdüz git.
"Travel, directions",Have you arrived?,Vardın mı?
"Travel, directions",Have you been to Boston?,Boston'a gittin mi?
"Travel, directions",How do I get there?,Oraya nasıl giderim?
"Travel, directions",How do I get to Daniel Street?,Daniel Sokağı'na nasıl gidilir?
"Travel, directions",How do I get to the American Embassy?,Amerikan Elçiliğine nasıl gidilir?
"Travel, directions",How long does it take by car?,Arabayla ne kadar sürüyor?
"Travel, directions",How long does it take to get to Georgia?,Gürcistan'a ulaşmak ne kadar sürer?
"Travel, directions",How long is the flight?,Uçuş ne kadar sürüyor?
"Travel, directions",How was the movie?,Film nasıldı?
"Travel, directions",I'd like to make a phone call.,Bir telefon görüşmesi yapmak istiyorum.
"Travel, directions",I'd like to make a reservation.,Rezervasyon yaptırmak istiyorum.
"Travel, directions",I have a question I want to ask you./ I want to ask you a question.,Sana sormak istediğim bir soru var./ Sana bir soru sormak istiyorum.
"Travel, directions",I'll take that one also.,Bunu da alacağım.
"Travel, directions",I'm coming right now.,Hemen geliyorum.
"Travel, directions",I'm going home in four days.,Dört gün sonra eve gidiyorum.
"Travel, directions",I'm leaving Tomorrow.,Ben yarın gidiyorum.
"Travel, directions",I'm looking for the post office.,Postaneyi arıyorum.
"Travel, directions",Is this pen yours?,Bu kalem senin mi?
"Travel, directions",I wish I had one.,Keşke benim de olsaydı.
"Travel, directions",One ticket to New York please.,New York'a bir bilet lütfen.
"Travel, directions",One way or round trip?,"Tek yön mü, gidiş-dönüş mü?"
"Travel, directions",Please speak slower.,Lütfen daha yavaş konuş.
"Travel, directions",Please take me to the airport.,Lütfen beni havaalanına götürün.
"Travel, directions",That way.,Bu taraftan.
"Travel, directions",The plane departs at 5:30P.,Uçak 17.30'da kalkıyor.
"Travel, directions",They arrived yesterday.,Dün geldiler.
"Travel, directions",Turn around.,Arkanı dön.
"Travel, directions",Turn left.,Sola çevirin.
"Travel, directions",Turn right.,Sağa dönün.
"Travel, directions",What time are you going to the bus station?,Otobüs terminaline saat kaçta gidiyorsun?
"Travel, directions",When did this happen?,Bu ne zaman oldu?
"Travel, directions",When did you arrive in Boston?,Boston'a ne zaman geldin?
"Travel, directions",When does he arrive?,Ne zaman gelecek?
"Travel, directions",When does it arrive?,Ne zaman varır?
"Travel, directions",When does the bank open?,Banka ne zaman açılıyor?
"Travel, directions",When does the bus leave?,Otobüs ne zaman kalkıyor?
"Travel, directions",When do we arrive?,Ne zaman varıyoruz?
"Travel, directions",When do we leave?,Ne zaman ayrılıyoruz?
"Travel, directions",Where can I mail this?,Bunu nereye postalayabilirim?
"Travel, directions",Where is she from?,O nereli?
"Travel, directions",Where is the bathroom?,Banyo nerede?
"Travel, directions",Why not?,Neden?
"Travel, directions",Will you remind me?,Bana hatırlatacak mısın?
Numbers and money,11 dollars.,11 dolar.
Numbers and money,52 cents.,52 sent.
Numbers and money,A few.,Bir kaç.
Numbers and money,A little.,Biraz.
Numbers and money,Call the police.,Polis çağırın.
Numbers and money,Did your wife like California?,Karınız Kaliforniya'yı sevdi mi?
Numbers and money,Do you have any coffee?,Kahven var mı?
Numbers and money,Do you have anything cheaper?,Daha ucuz bir şeyiniz var mı?
Numbers and money,Do you take credit cards?,Kredi kartı kabul ediyor musunuz?
Numbers and money,How are you paying?,Nasıl ödüyorsun?
Numbers and money,How many people are there in New York?,New York'ta kaç kişi var?
Numbers and money,How much are these earrings?,Bu küpeler ne kadar?
Numbers and money,How much does it cost per day?,Günlük maliyeti ne kadar?
Numbers and money,How much does this cost?,Bu kaça mal oluyor?
Numbers and money,How much do I owe you?,Sana ne kadar borçluyum?
Numbers and money,How much is it to go to Miami?,Miami'ye gitmek ne kadar?
Numbers and money,How much money do you make?,Ne kadar para kazanıyorsun?
Numbers and money,I'd like to eat at 5th street restaurant.,5. cadde restoranında yemek yemek isterim.
Numbers and money,I don't have a girlfriend.,Kız arkadaşım yok.
Numbers and money,I don't have any money.,Hiç param yok.
Numbers and money,I have a reservation.,Rezervasyonum var.
Numbers and money,I'll have the same thing.,Aynısından alacağım.
Numbers and money,I'll pay for dinner.,Akşam yemeğini ödeyeceğim.
Numbers and money,I'll pay for the tickets.,Biletlerin parasını ödeyeceğim.
Numbers and money,I'm 26 years old.,26 yaşındayım.
Numbers and money,I need to practice my English.,İngilizcemi geliştirmem gerekiyor.
Numbers and money,Isn't it?,Değil mi?
Numbers and money,Is that ok?,Bu iyi mi?
Numbers and money,Is there any mail for me?,Bana gelen bir gönderi var mı?
Numbers and money,It's 11:30pm.,Saat 23:30.
Numbers and money,It's is a quarter past nine.,Saat dokuzu çeyrek geçiyor.
Numbers and money,Please come in.,Lütfen içeri gel.
Numbers and money,"Sorry, we don't accept credit cards.","Üzgünüz, kredi kartlarını kabul etmiyoruz."
Numbers and money,"Sorry, we only accept Cash.","Üzgünüz, yalnızca Nakit kabul ediyoruz."
Numbers and money,That restaurant is not expensive.,O restoran pahalı değil.
Numbers and money,That's too expensive.,Bu çok pahalı.
Numbers and money,There are many people here.,Burada birçok insan var.
Numbers and money,They charge 26 dollars per day.,Günlük 26 dolar alıyorlar.
Numbers and money,What's the exchange rate for dollars?,Dolar kuru ne kadar?
Numbers and money,What's the phone number?,Telefon numarası nedir?
Numbers and money,Where can I buy tickets?,Biletleri nereden satın alabilirim?
Numbers and money,Where would you like to meet?,Nerede buluşmak istersin?
Numbers and money,Which one is better?,Hangisi daha iyi?
Location,Across from the post office.,Postane karşısında.
Location,At 3 o'clock.,Saat 3'te.
Location,Be quiet.,Sessiz ol.
Location,Can you recommend a good restaurant?,İyi bir restoran tavsiye edebilir misiniz?
Location,Here it is.,İşte burada.
Location,Here you are.,İşte buradasın.
Location,He's in the kitchen.,O mutfakta.
Location,He studies at Boston University.,Boston Üniversitesi'nde okuyor.
Location,How far is it?,Ne kadar uzakta?
Location,How far is it to Chicago?,Chicago'ya ne kadar uzakta?
Location,How many miles is it to Pennsylvania?,Pensilvanya'ya kaç mil var?
Location,I'd like a single room.,Tek kişilik bir oda rica ediyorum.
Location,I like to watch TV.,Televizyon izlemeyi severim.
Location,It's delicious!,Lezzetli!
Location,It's half past 11.,Saat 11 buçuk.
Location,It's less than 5 dollars.,5 dolardan az.
Location,It's more than 5 dollars.,5 dolardan fazla.
Location,It's near the Supermarket.,Süpermarkete yakındır.
Location,it's not suppose to rain today.,bugün yağmur yağmayacağı düşünülüyor.
Location,It's ok.,Önemli değil.
Location,It's on 7th street.,7. caddededir.
Location,It's really hot.,Gerçekten çok sıcak.
Location,It's suppose to rain tomorrow.,Yarın yağmur yağması bekleniyor.
Location,I was going to the library.,Kütüphaneye gidiyordum.
Location,I was in the library.,Kütüphanedeydim.
Location,Let's go.,Hadi gidelim.
Location,Maybe.,Belki.
Location,More than 200 miles.,200 milden fazla.
Location,My house is close to the bank.,Evim bankaya yakın.
Location,Near the bank.,Bankanın yakınında.
Location,On the left.,Soldaki.
Location,On the right.,Sağdaki.
Location,On the second floor.,İkinci katta.
Location,Outside the hotel.,Otelin dışında.
Location,Over here.,Buraya.
Location,Over there.,O tarafta.
Location,The book is behind the table.,Kitap masanın arkasındadır.
Location,The book is in front of the table.,Kitap masanın önündedir.
Location,The book is near the table.,Kitap masanın yanında.
Location,The book is next to the table.,Kitap masanın yanındadır.
Location,The book is on top of the table.,Kitap masanın üstünde.
Location,There are some books on the table.,Masanın üzerinde birkaç kitap var.
Location,There's a book under the table.,Masanın altında bir kitap var.
Location,We're from California.,Kaliforniya'lıyız.
Location,What's the address?,Adres nedir?
Location,Where are you going?,Nereye gidiyorsun?
Location,Where is it?,Nerede?
Location,Where would you like to go?,Nereye gitmek istersin?
Location,Who won?,Kim kazandı?
Phone/internet/mail,Can I see your passport please?,Pasaportunuzu görebilir miyim?
Phone/internet/mail,Can I take a message?,Bir mesaj alabilir miyim?
Phone/internet/mail,Can I try it on?,Bunu üzerimde deneyebilir miyim?
Phone/internet/mail,Can we sit over there?,Oraya oturabilir miyiz?
Phone/internet/mail,Did you come with your family?,Ailenle mi geldin?
Phone/internet/mail,Do you think it's possible?,Bunun mümkün olduğunu düşünüyor musun?
Phone/internet/mail,Here's my number.,Numaram burada.
Phone/internet/mail,He's not in right now.,Şu anda içeride değil.
Phone/internet/mail,"Hi, is Mrs. Smith there, please?","Merhaba, Bayan Smith orada mı lütfen?"
Phone/internet/mail,"I'd like some water too, please.",Ben de biraz su istiyorum lütfen.
Phone/internet/mail,"I'd like to buy a bottle of water, please.",Bir şişe su almak istiyorum lütfen.
Phone/internet/mail,I'd like to buy something.,Bir şey satın almak istiyorum.
Phone/internet/mail,I'd like to go to the store.,Mağazaya gitmek isterim.
Phone/internet/mail,I'd like to rent a car.,Araba kiralamak istiyorum.
Phone/internet/mail,I'd like to send a fax.,Bir faks göndermek istiyorum.
Phone/internet/mail,I'd like to send this to America.,Bunu Amerika'ya göndermek istiyorum.
Phone/internet/mail,I'd like to speak to Mr. Smith please.,Bay Smith'le konuşmak istiyorum lütfen.
Phone/internet/mail,"I have three children, two girls and one boy.","Üç çocuğum var, ikisi kız, biri erkek."
Phone/internet/mail,I'll be right back.,Hemen döneceğim.
Phone/internet/mail,I'll call back later.,Sonra arayacağım.
Phone/internet/mail,I'll call you on Friday.,Seni cuma günü arayacağım.
Phone/internet/mail,I'll teach you.,Sana öğreteceğim.
Phone/internet/mail,I'm ok.,Ben iyiyim.
Phone/internet/mail,I need some tissues.,Biraz mendile ihtiyacım var.
Phone/internet/mail,Is there an English speaking guide?,İngilizce konuşan bir rehber var mı?
Phone/internet/mail,I want to give you a gift.,Sana bir hediye vermek istiyorum.
Phone/internet/mail,Male or female?,Erkek veya kadın?
Phone/internet/mail,My cell phone doesn't have good reception.,Cep telefonumun çekim gücü iyi değil.
Phone/internet/mail,My cell phone doesn't work.,Cep telefonum çalışmıyor.
Phone/internet/mail,Please take off your shoes.,Ayakkabılarınızı çıkartın.
Phone/internet/mail,"Sorry, I think I have the wrong number.","Üzgünüm, sanırım yanlış numarayı verdim."
Phone/internet/mail,What is the area code?,Alan kodu nedir?
Phone/internet/mail,What's the name of the company you work for?,Çalıştığınız şirketin adı nedir?
Phone/internet/mail,What's wrong?,Sorun nedir?
Phone/internet/mail,What's your address?,Adresin nedir?
Phone/internet/mail,Where can I find a hospital?,Hastaneyi nerede bulabilirim?
Phone/internet/mail,Where's the closest restaurant?,En yakın restoran nerede?
Phone/internet/mail,Where's the pharmacy?,Eczane nerede?
Phone/internet/mail,Who are you?,Sen kimsin?
Phone/internet/mail,Who is that?,Kim bu?
Phone/internet/mail,Who would you like to speak to?,Kiminle konuşmak istiyorsunuz?
Phone/internet/mail,Will you take me home?,Beni eve bırakacak mısın?
Phone/internet/mail,Would you like water or milk?,Su mu yoksa süt mü istersiniz?
Time and dates,11 days ago.,11 gün önce.
Time and dates,2 hours.,2 saat.
Time and dates,All day.,Tüm gün.
Time and dates,A long time ago.,Uzun zaman önce.
Time and dates,Are they coming this evening?,Bu akşam gelecekler mi?
Time and dates,Are you comfortable?,Rahat mısın?
Time and dates,Are your children with you?,Çocuklarınız yanınızda mı?
Time and dates,As soon as possible.,Mümkün olan en kısa sürede.
Time and dates,At 3 o'clock in the afternoon.,Öğleden sonra saat 3 te.
Time and dates,At 5th street.,5. caddede.
Time and dates,At 7 o'clock at night. (evening)?,Gece saat 7'de. (akşam)?
Time and dates,At 7 o'clock in the morning.,Sabah saat 7'de.
Time and dates,At what time did it happen?,Bu olay ne zaman oldu?
Time and dates,Can I help you?,Yardımcı olabilir miyim?
Time and dates,Do you have a swimming pool?,Yüzme havuzunuz var mı?
Time and dates,Do you have this in size 11?,Bunun 11 bedeni var mı?
Time and dates,Do you think you'll be back by 11:30?,11:30'a kadar döneceğini mi sanıyorsun?
Time and dates,Everyday I get up at 6AM.,Her gün sabah 6'da kalkıyorum.
Time and dates,Every week.,Her hafta.
Time and dates,Expiration date.,Son kullanma tarihi.
Time and dates,Have you been waiting long?,Çok bekledin mi?
Time and dates,He'll be back in 20 minutes.,20 dakika sonra geri dönecek.
Time and dates,His family is coming tomorrow.,Ailesi yarın geliyor.
Time and dates,How about Saturday?,Cumartesiye ne dersin?
Time and dates,How long are you going to stay?,Ne kadar kalacaksın?
Time and dates,How long are you going to stay in California?,Kaliforniya'da ne kadar kalacaksın?
Time and dates,How long will it take?,Ne kadar sürer?
Time and dates,How much altogether?,Tamamı ne kadar?
Time and dates,How much will it cost?,Kaça mal olacak?
Time and dates,I don't have enough money.,Yeterli param yok.
Time and dates,I'm getting ready to go out.,Dışarı çıkmaya hazırlanıyorum.
Time and dates,I'm just looking. (Shopping),Ben sadece bakıyorum. (Alışveriş)
Time and dates,I'm worried too.,Ben de endişeleniyorum.
Time and dates,It'll be cold this evening.,Bu akşam hava soğuk olacak.
Time and dates,It rained very hard today.,Bugün çok şiddetli yağmur yağdı.
Time and dates,It's 17 dollars.,17 dolar.
Time and dates,It's 6AM.,Saat sabahın 6'sı.
Time and dates,It's 8:45.,Saat 8:45.
Time and dates,It's a quarter to 7.,Saat 7'ye çeyrek var.
Time and dates,It's going to snow today.,Bugün kar yağacak.
Time and dates,It's here.,Burada.
Time and dates,It's there.,Orada.
Time and dates,I've already seen it.,Bunu zaten gördüm.
Time and dates,John is going on vacation tomorrow.,John yarın tatile gidiyor.
Time and dates,My birthday is August 27th.,Doğum günüm 27 Ağustos.
Time and dates,Now or later?,Şimdi ya da sonra?
Time and dates,October 22nd.,22 Ekim.
Time and dates,She wants to know when you're coming.,Ne zaman geleceğini bilmek istiyor.
Time and dates,"Sometimes I go to sleep at 11PM, sometimes at 11:30PM.","Bazen 23.00'te, bazen 23.30'da uyuyorum."
Time and dates,There's plenty of time.,Bol zaman var.
Time and dates,The whole day.,Bütün gün.
Time and dates,We're late.,Biz geç kaldık.
Time and dates,What day are they coming over?,Hangi gün gelecekler?
Time and dates,What day of the week is it?,Haftanın hangi günü?
Time and dates,What is today's date?,Bugünün tarihi ne?
Time and dates,What's your religion?,Dinin ne?
Time and dates,What time are they arriving?,Saat kaçta geliyorlar?
Time and dates,What time did you get up?,Ne zaman kalktın?
Time and dates,What time did you go to sleep?,Saat kaçta uyumaya gittin?
Time and dates,What time did you wake up?,Saat kaçta kalktın?
Time and dates,What time does it start?,Ne zaman başlar?
Time and dates,What time do you think you'll arrive?,Ne zaman gelmeyi düşünüyorsun?
Time and dates,What time is it?,Saat kaç?
Time and dates,When are they coming?,Ne zaman geliyorlar?
Time and dates,When are you coming back?,Ne zaman geri döneceksin?
Time and dates,When are you going to pick up your friend?,Arkadaşını ne zaman alacaksın?
Time and dates,When are you leaving?,Ne zaman ayrılıyorsun?
Time and dates,When are you moving?,Ne zaman taşınıyorsun?
Time and dates,When is the next bus to Philidalphia?,Philidalphia'ya bir sonraki otobüs ne zaman kalkacak?
Time and dates,When is your birthday?,Doğum günün ne zaman?
Time and dates,"When I went to the store, they didn't have any apples.",Markete gittiğimde ellerinde elma yoktu.
Time and dates,When was the last time you talked to your mother?,Annenle en son ne zaman konuştun?
Time and dates,When will he be back?,O ne zaman geri dönecek?
Time and dates,When will it be ready?,Ne zaman hazır olacak?
Time and dates,Where are you going to go?,Nereye gideceksin?
Accommodations,Are you busy?,Meşgul müsün?
Accommodations,Can we have some more bread please?,Biraz daha ekmek alabilir miyiz lütfen?
Accommodations,Do you have any money?,Hiç paran var mı?
Accommodations,For how many nights?,Kaç gece için?
Accommodations,How long will you be staying?,Ne kadar kalacaksınız?
Accommodations,I'd like a map of the city.,Şehrin haritasını istiyorum.
Accommodations,I'd like a non-smoking room.,Sigara içilmeyen bir oda istiyorum.
Accommodations,I'd like a room.,Bir oda istiyorum.
Accommodations,I'd like a room with two beds please.,İki yataklı bir oda istiyorum lütfen.
Accommodations,I need a doctor.,Bir doktora ihtiyacım var.
Accommodations,Is there a nightclub in town?,Şehirde gece kulübü var mı?
Accommodations,Is there a restaurant in the hotel?,Otelde restoran var mı?
Accommodations,Is there a store near here?,Buraya yakın bir mağaza var mı?
Accommodations,"Sorry, we don't have any vacancies.","Üzgünüz, boş yerimiz yok."
Accommodations,Take me to the Marriott Hotel.,Beni Marriott Oteli'ne götür.
Accommodations,What's the charge per night? (Hotel),Gecelik ücret ne kadar? (Otel)
Accommodations,What time is check out?,Kontrol Ne zaman?
Accommodations,Where is the airport?,Hava Limanı nerede?
Accommodations,Where's the mail box?,Posta kutusu nerede?
Dining,Are you here alone?,Burada yalnız mısın?
Dining,Can I bring my friend?,Arkadaşımı getirebilir miyim?
Dining,Can I have a receipt please?,Makbuz alabilir miyim lütfen?
Dining,Can it be cheaper?,Daha ucuz olabilir mi?
Dining,Can we have a menu please.,Bir menü alabilir miyiz lütfen?
Dining,Can you hold this for me?,Bunu benim için tutar mısın?
Dining,Do you have any children?,Hiç çocuğun var mı?
Dining,Do you know how much it costs?,Ne kadara mal olduğunu biliyor musun?
Dining,Have you eaten at that restaurant?,O restoranda yemek yedin mi?
Dining,Have you eaten yet?,Daha yemedin mi?
Dining,Have you ever had Potato soup?,Hiç patates çorbası içtiniz mi?
Dining,He likes juice but he doesn't like milk,Meyve suyunu seviyor ama sütü sevmiyor
Dining,Here is your salad.,İşte salatanız.
Dining,Here's your order.,İşte siparişiniz.
Dining,How does it taste?,Tadı nasıl?
Dining,How many people? (restaurant),Kaç insan? (restoran)
Dining,I agree.,Kabul ediyorum.
Dining,I'd like a table near the window.,Pencerenin yanında bir masa istiyorum.
Dining,I'd like to call the United States.,Amerika Birleşik Devletleri'ni aramak istiyorum.
Dining,I haven't been there.,Ben oraya gitmedim.
Dining,I haven't finished eating.,Yemeğimi bitirmedim.
Dining,I like it.,Beğendim.
Dining,I'll give you a call.,Seni arayacağım.
Dining,I'll have a cup of tea please.,Bir fincan çay alayım lütfen.
Dining,I'll have a glass of water please.,Bir bardak su alayım lütfen.
Dining,I'm from America.,Amerikalıyım.
Dining,I'm going to bed.,Yatağa gidiyorum.
Dining,I'm here on business.,İş için buradayım.
Dining,I'm sorry.,Üzgünüm.
Dining,I only have 5 dollars.,Sadece 5 dolarım var.
Dining,I think I need to see a doctor.,Sanırım bir doktora görünmem gerekiyor.
Dining,It's August 25th.,25 Ağustos.
Dining,I understand.,Anladım.
Dining,June 3rd.,3 Haziran.
Dining,The food was delicious.,Yemek lezzetliydi.
Dining,There are some apples in the refrigerator.,Buzdolabında birkaç elma var.
Dining,There's a restaurant near here.,Buraya yakın bir restoran var.
Dining,"There's a restaurant over there, but I don't think it's very good.",Orada bir restoran var ama pek iyi olduğunu düşünmüyorum.
Dining,Waiter!,Garson!
Dining,Waitress!,Bayan garson!
Dining,We can eat Italian or Chinese food.,İtalyan ya da Çin yemeği yiyebiliriz.
Dining,We'll have two glasses of water please.,İki bardak su alalım lütfen.
Dining,What are you going to have?,Ne Sahibi olacaksın?
Dining,What do you recommend?,Ne tavsiye edersiniz?
Dining,What's your email address?,E?
Dining,What would you like to drink?,Ne içmek istersiniz?
Dining,What would you like to eat?,Ne yemek istersin?
Dining,Where is an ATM?,ATM nerede?
Dining,Where is there a doctor who speaks English?,İngilizce konuşan bir doktor nerede var?
Dining,Which one?,Hangisi?
Dining,Would you ask him to come here?,Buraya gelmesini ister misin?
Dining,Would you like a glass of water?,Bir bardak su ister misin?
Dining,Would you like coffee or tea?,Kahve mi yoksa çay mı istersiniz?
Dining,Would you like something to drink?,Bir şey içmek ister misiniz?
Dining,Would you like some water?,Biraz su ister misiniz?
Dining,Would you like some wine?,Biraz şarap istermisin?
Dining,Would you like to go for a walk?,Yürüyüşe çıkmak ister misiniz?
Dining,Would you like to watch TV?,Televizyon izlemek ister misin?
Making friends,Are you American?,Amerikan mısın?
Making friends,Are you coming this evening?,Bu akşam geliyor musun?
Making friends,Are you free tonight?,Bu gece boş musun?
Making friends,Are you going to take a plane or train?,Uçağa mı yoksa trene mi bineceksiniz?
Making friends,Are you hungry?,Aç mısın?
Making friends,Are you sure?,Emin misin?
Making friends,Are you working Tomorrow?,Yarın çalışıyor musun?
Making friends,Business is good.,İş iyidir.
Making friends,Cheers!,Şerefe!
Making friends,Did it snow yesterday?,Dün kar yağdı mı?
Making friends,Did you get my email?,E-postamı aldın mı?
Making friends,Did you take your medicine?,İlaçlarını aldın mı?
Making friends,Do you feel better?,Daha iyi hissediyormusun?
Making friends,Do you go to Florida often?,Florida'ya sık sık gider misin?
Making friends,Do you have another one?,Sende başka var mı?
Making friends,Do you know where there's a store that sells towels?,Havlu satan bir mağazanın nerede olduğunu biliyor musun?
Making friends,Do you like it here?,Burayı beğendin mi?
Making friends,Do you like the book?,Kitabı beğendin mi?
Making friends,Do you need anything?,Bir şeye ihtiyacın var mı?
Making friends,Do you play any sports?,Herhangi bir spor yapıyor musunuz?
Making friends,Do you sell medicine? (store),İlaç mı satıyorsunuz? (mağaza)
Making friends,Do you study English?,Ingilizce çalışıyor musun?
Making friends,Do you want to come with me?,Benimle gelmek ister misin?
Making friends,Do you want to go with me?,Benimle gitmek ister misin?
Making friends,Excuse me.,Affedersin.
Making friends,Give me a call.,Beni ara.
Making friends,Has your brother been to California?,Kardeşin Kaliforniya'ya gitti mi?
Making friends,Have they met her yet?,Onunla henüz tanışmadılar mı?
Making friends,Have you done this before?,Bunu daha önce yaptın mı?
Making friends,How long have you been here?,Ne zamandır buradasın?
Making friends,How long have you been in America?,Ne zamandır Amerika'dasın?
Making friends,How long have you lived here?,Ne kadar zamandır burada yaşıyorsun?
Making friends,How many children do you have?,Kaç çocuğun var?
Making friends,How many languages do you speak?,Kaç dili konuşabiliyorsun?
Making friends,How many people do you have in your family?,Ailenizde kaç kişi var?
Making friends,How much would you like?,Ne kadar istersin?
Making friends,How old are you?,Kaç yaşındasın?
Making friends,I bought a shirt yesterday.,Dün bir gömlek aldım.
Making friends,I don't feel well.,Kendimi iyi hissetmiyorum.
Making friends,I have pain in my arm.,Kolumda ağrı var.
Making friends,I have to wash my clothes.,Elbiselerimi yıkamam gerekiyor.
Making friends,I have two sisters.,İki kız kardeşim var.
Making friends,I'll tell him you called.,Ona aradığını söyleyeceğim.
Making friends,I'm 32.,Ben 32 yaşındayım.
Making friends,"I'm 6'2"".",Ben 1.92 boyundayım.
Making friends,I'm allergic to seafood.,Deniz ürünlerine alerjim var.
Making friends,I'm American.,Ben Amerikalıyım.
Making friends,I'm a size 8.,Ben 8 bedenim.
Making friends,"I'm fine, and you?",İyiyim sen nasılsın?
Making friends,I'm not afraid.,Korkmuyorum.
Making friends,I'm sick.,Hastayım.
Making friends,I remember.,Ben hatırlıyorum.
Making friends,I speak a little English.,Biraz İngilizce konuşurum.
Making friends,Is your house like this one?,Sizin eviniz buna mı benziyor?
Making friends,Is your husband also from Boston?,Kocanız da Bostonlu mu?
Making friends,It's not very expensive.,Çok pahalı değil.
Making friends,I've been there.,Ben orada oldum.
Making friends,Let's share.,Haydi paylaşalım.
Making friends,My daughter is here.,Kızım burada.
Making friends,My father has been there.,Babam oradaydı.
Making friends,My father is a lawyer.,Babam avukattır.
Making friends,My grandmother passed away last year.,Büyükannem geçen yıl vefat etti.
Making friends,My name is John Smith.,Benim adım John Smith.
Making friends,My son.,Oğlum.
Making friends,My son studies computers.,Oğlum bilgisayar okuyor.
Making friends,"No, I'm American.","Hayır, Amerikalıyım."
Making friends,"No, this is the first time.","Hayır, bu ilk defa oluyor."
Making friends,Our children are in America.,Çocuklarımız Amerika'da.
Making friends,She's an expert.,O bir uzman.
Making friends,She's older than me.,O benden daha yaşlı.
Making friends,That car is similar to my car.,Bu araba benim arabama benziyor.
Making friends,This is Mrs. Smith.,Bu Bayan Smith.
Making friends,This is my mother.,Bu benim annem.
Making friends,This is the first time I've been here.,Buraya ilk defa geliyorum.
Making friends,We have two boys and one girl.,İki erkek ve bir kız çocuğumuz var.
Making friends,What are you going to do tonight?,Bu gece ne yapacaksın?
Making friends,What are your hobbies?,Hobileriniz nelerdir?
Making friends,What do you study?,Ne okuyorsun?
Making friends,What do you want to do?,Ne yapmak istiyorsun?
Making friends,What school did you go to?,Hangi okula gittin?
Making friends,What's your favorite movie?,En sevdiğin film nedir?
Making friends,What's your last name?,Soyadın ne?
Making friends,What's your name?,Adınız ne?
Making friends,Where are the t-shirts?,Tişörtler nerede?
Making friends,Where did you go?,Nereye gittin?
Making friends,Where did you learn English?,İngilizceyi nerede öğrendin?
Making friends,Where did you work before you worked here?,Burada çalışmadan önce nerede çalışıyordunuz?
Making friends,Where do you live?,Nerede yaşıyorsun
Making friends,Where were you?,Neredeydin?
Making friends,Who sent this letter?,Bu mektubu kim gönderdi?
Making friends,Would you like to buy this?,Bunu satın almak ister misin?
Making friends,Your children are very well behaved.,Çocuklarınız çok iyi huylu.
Making friends,Your daughter.,Senin kızın.
Making friends,You're smarter than him.,Sen ondan daha akıllısın.
Making friends,You speak English very well.,Çok iyi ingilizce konuşuyorsun.
Entertainment,Are there any concerts?,Konserler var mı?
Entertainment,Do you want to go to the movies?,Sinemaya gitmek ister misin?
Entertainment,Have you seen this movie?,Bu filmi gördün mü?
Entertainment,He said you like to watch movies.,Film izlemeyi sevdiğini söyledi.
Entertainment,How tall are you?,Boyunuz kaç?
Entertainment,Is the bank far?,Banka uzakta mı?
Entertainment,Is there a movie theater nearby?,Yakınlarda bir sinema salonu var mı?
Entertainment,What do people usually do in the summer in Los Angeles?,Los Angeles'ta insanlar yaz aylarında genellikle ne yapar?
Entertainment,What kind of music do you like?,Ne tür müzik seversin?
Entertainment,What's your favorite food?,Senin favori yemeğin ne?
Entertainment,What time does the movie start?,Film ne zaman başlıyor?
Entertainment,Who was your teacher?,Öğretmenin kimdi?
Entertainment,Would you like to have dinner with me?,Benimle akşam yemeği yemek ister misin?
Entertainment,Would you like to rent a movie?,Film kiralamak ister misiniz?
Shopping,Can I have a glass of water please?,Bir bardak su alabilir miyim lütfen?
Shopping,Can I use your phone?,Telefonunu kullanabilir miyim?
Shopping,Do you have any vacancies?,Boş yeriniz var mı?
Shopping,Do you have the number for a taxi?,Taksinin numarası var mı?
Shopping,Do you know her?,Onu tanıyor musun?
Shopping,Do you know where she is?,Nerede olduğunu biliyor musun?
Shopping,Do you play basketball?,Basketbol oynar mısın?
Shopping,"Fill it up, please. (gas station)",Doldurun lütfen. (gaz istasyonu)
Shopping,He needs some new clothes.,Yeni kıyafetlere ihtiyacı var.
Shopping,How much is that?,O ne kadar?
Shopping,How much is this?,Bu ne kadar?
Shopping,I believe you.,Sana inanıyorum.
Shopping,I'd like the number for the Hilton Hotel please.,Hilton Oteli'nin numarasını rica ediyorum.
Shopping,I'd like to buy a phone card please.,Bir telefon kartı satın almak istiyorum lütfen.
Shopping,I'd like to go home.,Eve gitmek isterim.
Shopping,I'd like to go shopping.,Alışverişe gitmek isterim.
Shopping,If you like it I can buy more.,Eğer beğenirseniz daha fazlasını satın alabilirim.
Shopping,I'm a beginner.,Acemiyim.
Shopping,I'm full.,Tokum.
Shopping,I'm just kidding.,Sadece şaka yapıyorum.
Shopping,I'm single.,Bekarım.
Shopping,I speak two languages.,İki dil konuşuyorum.
Shopping,I thought he said something else.,Başka bir şey söylediğini sanıyordum.
Shopping,It's not too far.,Çok uzak değil.
Shopping,I usually drink coffee at breakfast.,Genellikle kahvaltıda kahve içerim.
Shopping,"Sorry, we don't have any.","Üzgünüm, elimizde hiç yok."
Shopping,The books are expensive.,Kitaplar pahalı.
Shopping,Try it on.,Deneyin.
Shopping,What do you want to buy?,Ne almak istiyorsun?
Shopping,What size?,Hangi boyutta?
Shopping,What time does the store open?,Mağaza saat kaçta açılıyor?
Shopping,When does the plane arrive?,Uçak ne zaman geliyor?
Shopping,Where are you?,Neredesin?
Shopping,Would you like something to eat?,Bir şey yemek ister misin?
Communication difficulties,Am I pronouncing it correctly?,Doğru telaffuz ediyor muyum?
Communication difficulties,Can you do me a favor?,Bana bir iyilik yapabilir misin?
Communication difficulties,Can you help me?,Bana yardım eder misiniz?
Communication difficulties,Can you please say that again?,Lütfen bunu tekrar söyleyebilir misiniz?
Communication difficulties,Can you show me?,Bana gösterebilir misin?
Communication difficulties,Can you throw that away for me?,Bunu benim için bir kenara atabilir misin?
Communication difficulties,Does anyone here speak English?,Burada İngilizce konuşan var mı?
Communication difficulties,Don't do that.,Bunu yapma.
Communication difficulties,Do you believe that?,Buna inanıyor musun?
Communication difficulties,Do you have a pencil?,Kalemin var mı?
Communication difficulties,Do you smoke?,Sigara içiyor musunuz?
Communication difficulties,Do you speak English?,İngilizce biliyor musunuz?
Communication difficulties,"Excuse me, what did you say?","afedersin, ne söyledin?"
Communication difficulties,Forget it.,Unut gitsin.
Communication difficulties,How do you pronounce that?,Bunu nasıl telaffuz edersin?
Communication difficulties,How do you say it in English?,Bunu İngilizce'de nasıl söylersin?
Communication difficulties,How do you spell it?,Bunu nasıl hecelersiniz?
Communication difficulties,"How do you spell the word ""Seattle?""","""Seattle"" kelimesini nasıl hecelersin?"
Communication difficulties,I can swim.,Yüzebilirim.
Communication difficulties,I can't hear you clearly.,Seni net olarak duyamıyorum.
Communication difficulties,I don't mind.,Umurumda değil.
Communication difficulties,I don't speak English very well.,İngilizceyi çok iyi konuşamıyorum.
Communication difficulties,I don't think so.,Öyle düşünmüyorum.
Communication difficulties,I don't understand what your saying.,Ne dediğini anlamıyorum.
Communication difficulties,Is there air conditioning in the room?,Odada klima var mı?
Communication difficulties,I think you have too many clothes.,Bence çok fazla kıyafetin var.
Communication difficulties,I trust you.,Sana güveniyorum.
Communication difficulties,I understand now.,Şimdi anlıyorum.
Communication difficulties,Let's meet in front of the hotel.,Otelin önünde buluşalım.
Communication difficulties,Please sit down.,Lütfen otur.
Communication difficulties,Please speak English.,Lütfen İngilizce konuşun.
Communication difficulties,Please speak more slowly.,Lütfen biraz daha yavaş konuşun.
Communication difficulties,"Sorry, I didn't hear clearly.",Kusura bakmayın net duyamadım.
Communication difficulties,That means friend.,Bu arkadaş demektir.
Communication difficulties,That's wrong.,Bu yanlış.
Communication difficulties,Try to say it.,Söylemeye çalış.
Communication difficulties,What does this mean?,Bu ne anlama gelir?
Communication difficulties,What does this say?,Bu ne diyor?
Communication difficulties,What does this word mean?,Bu kelimenin anlamı nedir?
Communication difficulties,What's the exchange rate?,Döviz kuru nedir?
Communication difficulties,Whose book is that?,Bu kimin kitabı?
Communication difficulties,Why aren't you going?,Neden gitmiyorsun?
Communication difficulties,Why are you laughing?,Niye gülüyorsun?
Communication difficulties,Why did you do that?,Neden bunu yaptın?
Emergency and health,Are you allergic to anything?,Bir şeye alerjin var mı?
Emergency and health,Are you ready?,Hazır mısın?
Emergency and health,Call me.,Ara beni.
Emergency and health,Did you send me flowers?,Bana çiçek mi gönderdin?
Emergency and health,Do you sell batteries?,Pil satıyor musunuz?
Emergency and health,I don't care.,Umurumda değil.
Emergency and health,I give up.,Pes ediyorum.
Emergency and health,I got in an accident.,Bir kaza geçirdim.
Emergency and health,I have a cold.,Soğuk algınlığım var.
Emergency and health,I have one in my car.,Arabamda bir tane var.
Emergency and health,I made this cake.,Bu pastayı yaptım.
Emergency and health,I'm a teacher.,Ben bir öğretmenim.
Emergency and health,I'm self-employed.,Kendi işimde çalışıyorum.
Emergency and health,I still have a lot to do.,Hala yapacak çok şeyim var.
Emergency and health,I still haven't decided.,Hala karar vermedim.
Emergency and health,It depends on the weather.,Havaya bağlı.
Emergency and health,It's very cold today.,Bugün hava çok soğuk.
Emergency and health,My luggage is missing.,Bagajım kayıp.
Emergency and health,My stomach hurts.,Karnım ağrıyor.
Emergency and health,My throat is sore.,Boğazım ağrıyor.
Emergency and health,My watch has been stolen.,Saatim çalındı.
Emergency and health,Take this medicine.,Bu ilacı al.
Emergency and health,The accident happened at the intersection.,Kaza kavşakta meydana geldi.
Emergency and health,There has been a car accident.,Bir araba kazası oldu.
Emergency and health,Where can I exchange U.S. dollars?,ABD dolarını nerede bozdurabilirim?
Emergency and health,Where do you work?,Nerede çalışıyorsun?
Emergency and health,Where's the nearest hospital?,En yakın hastane nerede?
Emergency and health,Where's the post office?,Postane nerede?
General questions,And you?,Ve sen?
General questions,Anything else?,Başka bir şey?
General questions,Are they the same?,Bunlar aynı mı?
General questions,Are you afraid?,Korkuyor musun?
General questions,Are you going to attend their wedding?,Düğünlerine katılacak mısın?
General questions,Are you married?,Evli misin?
General questions,Are you okay?,İyi misin?
General questions,Are you sick?,Hasta mısın?
General questions,Behind the bank.,Bankanın arkasında.
General questions,Can I borrow some money?,Biraz para ödünç alabilir miyim?
General questions,Can I have the bill please?,Faturayı alabilir miyim lütfen?
General questions,Can you call back later?,Daha sonra arayabilir misin?
General questions,Can you call me back later?,Beni daha sonra arayabilir misin?
General questions,Can you carry this for me?,Bunu benim için taşıyabilir misin?
General questions,Can you fix this?,Bunu düzeltebilir misin?
General questions,Can you give me an example?,Bana bir örnek verebilirmisin?
General questions,Can you speak louder please?,Daha yüksek sesle konuşabilir misiniz lütfen?
General questions,Can you swim?,Yüzebilir misin?
General questions,Does he like the school?,Okulu seviyor mu?
General questions,Do you accept U.S. Dollars?,ABD Dolarını kabul ediyor musunuz?
General questions,Do you have a girlfriend?,Senin kız arkadaşın var mı?
General questions,Do you have an appointment?,Randevun var mı?
General questions,Do you have a problem?,Bir sorun mu var?
General questions,Do you hear that?,Bunu duyuyor musun?
General questions,Do you know how to get to the Marriott Hotel?,Marriott Otel'e nasıl gideceğinizi biliyor musunuz?
General questions,Do you know what this means?,Bunun ne anlama geldiğini biliyor musun?
General questions,Do you know where I can get a taxi?,Nereden taksi bulabileceğimi biliyor musun?
General questions,Do you know where my glasses are?,Gözlüklerimin nerede olduğunu biliyor musun?
General questions,Do you like your co-workers?,İş arkadaşlarınızı seviyor musunuz?
General questions,Do you need anything else?,Başka bir şeye ihtiyacın var mı?
General questions,Do you understand?,Anlıyor musunuz?
General questions,Give me the pen.,Bana tükenmez kalemi ver.
General questions,How do you know?,Nereden biliyorsunuz?
General questions,How is she?,O nasıl?
General questions,How long is it?,Ne kadar uzun?
General questions,How many?,Kaç tane?
General questions,How much is it?,Ne kadar?
General questions,I have a lot of things to do.,Yapacak çok işim var.
General questions,In 30 minutes.,30 dakika içinde.
General questions,Is anyone else coming?,Başka biri geliyor mu?
General questions,Is everything ok?,Her şey yolunda mı?
General questions,Is it cold outside?,Dışarısı soğuk?
General questions,Is it far from here?,Buraya uzak mı?
General questions,Is it hot?,Sıcak mı?
General questions,Is it raining?,Yağmur yağıyor mu?
General questions,Is there anything cheaper?,Daha ucuz bir şey var mı?
General questions,Is your son here?,Oğlunuz burada mı?
General questions,Should I wait?,Bekleyeyim mi?
General questions,The big one or the small one?,Büyük olan mı yoksa küçük olan mı?
General questions,The cars are American.,Arabalar Amerikan malı.
General questions,Were there any problems?,Herhangi bir sorun var mıydı?
General questions,Were you at the library last night?,Dün gece kütüphanede miydin?
General questions,What are you doing?,Ne yapıyorsun?
General questions,What are you thinking about?,Ne hakkında düşünüyorsun?
General questions,What are you two talking about?,Siz ikiniz neden bahsediyorsunuz?
General questions,What did you do last night?,Dün gece ne yaptın?
General questions,What did you do yesterday?,Dün ne yaptın?
General questions,What did you think?,Ne sandın?
General questions,What do they study?,Ne okuyorlar?
General questions,What do you have?,Neye sahipsin?
General questions,What do you think?,Ne düşünüyorsun?
General questions,What happened?,Ne oldu?
General questions,What is it?,Nedir?
General questions,What is that?,Bu nedir?
General questions,What should I wear?,Ne giymeliyim?
General questions,What's in it?,İçinde ne var?
General questions,What's the temperature?,Sıcaklık kaç derece?
General questions,What's this?,Bu ne?
General questions,What's up?,Naber?
General questions,Where are you from?,Nerelisin
General questions,Where can I rent a car?,Nereden araba kiralayabilirim?
General questions,Where did it happen?,Nerede oldu?
General questions,Where did you learn it?,Nereden öğrendin?
General questions,Where is he?,O nerede?
General questions,Where is he from?,O nereli?
General questions,"Which is better, the spaghetti or chicken salad?",Hangisi daha iyi; spagetti mi yoksa tavuk salatası mı?
General questions,Which one do you want?,Hangisini istersin?
General questions,Which one is cheaper?,Hangisi daha ucuz?
General questions,Which one is the best?,Hangisi en iyisi?
General questions,Which school does he go to?,Hangi okula gidiyor?
General questions,Who are they?,Onlar kim?
General questions,Who are you looking for?,Kimi arıyorsunuz?
General questions,Who is it? (Inquiring about who is on the phone),Kim o? (Telefondakinin kim olduğu soruluyor)
General questions,Who's calling?,Kim arıyor?
General questions,Who's that man over there?,Şuradaki adam kim?
General questions,Who taught you that?,Bunu sana kim öğretti?
General questions,Why did you say that?,Bunu neden söyledin?
General questions,Will you pass me the salt please?,Bana tuzu uzatır mısın lütfen?
General questions,Will you put this in the car for me?,Bunu benim için arabaya koyar mısın?
General questions,Would you ask him to call me back please?,Beni geri aramasını söyler misiniz lütfen?
General questions,Yes.,Evet.
General questions,You have a very nice car.,Çok güzel bir araban var.
General questions,You look like my sister.,Kız kardeşime benziyorsun.
Work,6 dollars per hour.,Saati 6 dolar.
Work,Are you waiting for someone?,Birini mi bekliyorsun?
Work,Are you working today?,Bugün çalışıyor musun?
Work,Bring me my shirt please.,Gömleğimi getir lütfen.
Work,Do you like to watch TV?,Televizyon izlemeyi sever misin?
Work,Do you like your boss?,Patronunu seviyor musun?
Work,Have you finished studying?,Çalışmayı bitirdin mi?
Work,He's an Engineer.,O bir mühendis.
Work,He's very hard working.,Çok çalışkandır.
Work,He works at a computer company in New York.,New York'ta bir bilgisayar şirketinde çalışıyor.
Work,How long have you worked here?,Burada ne kadar süredir çalışıyorsun?
Work,How many hours a week do you work?,Haftada kaç saat çalışıyorsunuz?
Work,How much money do you have?,Ne kadar paran var?
Work,How's the weather?,Hava nasıl?
Work,How was the trip?,Yolculuk nasil gecti?
Work,I forget.,Unuttum.
Work,I'm good.,İyiyim.
Work,I'm ready.,Ben hazırım.
Work,I still have a lot of things to buy.,Hala satın almam gereken çok şey var.
Work,I've seen it.,Onu gördüm.
Work,What does he do for work?,İş için ne yapıyor?
Work,What does your father do for work?,Baban iş olarak ne yapıyor?
Work,What do you do for work?,İş için ne yaparsınız?
Work,What do your parents do for work?,Anne babanız iş için ne yapıyor?
Work,What's the matter?,Sorun ne?
Work,What time do you go to work everyday?,Her gün saat kaçta işe gidiyorsun?
Work,When do you arrive in the U.S.?,ABD'ye ne zaman varıyorsunuz?
Work,When do you get off work?,İşten ne zaman çıkıyorsun?
Work,Where did you put it?,Onu nereye koydun?
Work,Where does it hurt?,Neresi acıyor?
Work,Where do you want to go?,Nereye gitmek istersin?
Weather,Come here.,Buraya gel.
Weather,Does it often snow in the winter in Massachusetts?,Massachusetts'te kışın sık sık kar yağar mı?
Weather,Do you think it'll rain today?,Sizce bugün yağmur yağacak mı?
Weather,Do you think it's going to rain tomorrow?,Yarın yağmur yağacağını mı düşünüyorsun?
Weather,How's business?,İşler nasıl?
Weather,Is it close?,Kapalı mı?
Weather,Is it possible?,Bu mümkün mü?
Weather,Is it ready?,Hazır mı?
Weather,It costs 20 dollars per hour.,Saatlik ücreti 20 dolar.
Weather,It hurts here.,Burası acıyor.
Weather,It's far from here.,Buradan uzak.
Weather,It's going to be hot today.,Bugün hava sıcak olacak.
Weather,It's north of here.,Buranın kuzeyinde.
Weather,It's over there.,Orada.
Weather,It's raining.,Yağmur yağıyor.
Weather,It's too late.,Çok geç.
Weather,It's very important.,Bu çok önemli.
Weather,It will arrive shortly.,Kısa süre içinde gelecek.
Weather,The roads are slippery.,Yollar kaygan.
Weather,What's the room rate?,Oda fiyatı ne kadar?
Weather,What will the weather be like tomorrow?,Yarın hava nasıl olacak?
Miscellaneous,Amy is John's girlfriend.,"Amy, John'un kız arkadaşıdır."
Miscellaneous,He always does that for me.,Bunu benim için hep yapıyor.
Miscellaneous,He broke the window.,Camı kırdı.
Miscellaneous,He doesn't look like a nurse.,Hemşireye benzemiyor.
Miscellaneous,He has a nice car.,Güzel bir arabası var.
Miscellaneous,He never gives me anything.,Bana asla bir şey vermiyor.
Miscellaneous,He said this is a nice place.,Buranın güzel bir yer olduğunu söyledi.
Miscellaneous,He's an American.,O bir Amerikalı.
Miscellaneous,He's a very good student.,Kendisi çok iyi bir öğrencidir.
Miscellaneous,He's faster than me.,O benden daha hızlı.
Miscellaneous,He thinks we don't want to go.,Gitmek istemediğimizi düşünüyor.
Miscellaneous,His room is very small.,Onun odası çok küçüktür.
Miscellaneous,His son.,Onun oğlu.
Miscellaneous,How are your parents?,Ebeveynlerin nasıl?
Miscellaneous,How do I use this?,Bunu nasıl kullanırım?
Miscellaneous,I came with my family.,Ailemle birlikte geldim.
Miscellaneous,I'd like to exchange this for Dollars.,Bunu Dolara çevirmek istiyorum.
Miscellaneous,I'd like to use the internet,İnterneti kullanmak istiyorum
Miscellaneous,I don't have time right now.,Şu anda vaktim yok.
Miscellaneous,I don't know.,Bilmiyorum.
Miscellaneous,I have money.,Param var.
Miscellaneous,I haven't had lunch yet.,Henüz öğle yemeği yemedim.
Miscellaneous,I have to go to the post office.,Postaneye gitmem gerekiyor.
Miscellaneous,I like Italian food.,İtalyan yemeklerini severim.
Miscellaneous,I live in California.,Kaliforniya'da yaşıyorum.
Miscellaneous,I'll talk to you soon.,Seninle yakında konuşacağım.
Miscellaneous,I made a mistake.,Bir hata yaptım.
Miscellaneous,I'm bored.,Sıkıldım.
Miscellaneous,I'm going to America next year.,Gelecek sene Amerika'ya gideceğim.
Miscellaneous,I'm going to go have dinner.,Akşam yemeği yemeye gideceğim.
Miscellaneous,I'm tired.,Yorgunum.
Miscellaneous,"I'm very well, thank you.",Teşekkür ederim çok iyiyim.
Miscellaneous,I need another key.,Başka bir anahtara ihtiyacım var.
Miscellaneous,I need this to get there by tomorrow.,Yarına kadar oraya ulaşabilmem için buna ihtiyacım var.
Miscellaneous,I need to go now.,Şimdi gitmem gerek.
Miscellaneous,Is it suppose to rain tomorrow?,Yarın yağmur yağacak mı?
Miscellaneous,Is John there please? (phone call),John orada mı lütfen? (telefon görüşmesi)
Miscellaneous,Is this a safe area?,Burası güvenli bir alan mı?
Miscellaneous,Is this Mr. Smith?,Bu Bay Smith mi?
Miscellaneous,Is this the bus to New York?,Bu New York'a giden otobüs mü?
Miscellaneous,Is this your book?,Bu senin kitabın mı?
Miscellaneous,I still have to brush my teeth and take a shower.,Hala dişlerimi fırçalamam ve duş almam gerekiyor.
Miscellaneous,Is your father home?,Baban evde mi?
Miscellaneous,I think so.,Bence de.
Miscellaneous,I think those shoes are very good looking.,Bence bu ayakkabılar çok güzel görünüyor.
Miscellaneous,It's very windy.,Çok rüzgarlı.
Miscellaneous,It takes 2 hours by car.,Arabayla 2 saat sürüyor.
Miscellaneous,I've never done that.,Bunu hiç yapmadım.
Miscellaneous,I've worked there for five years.,Beş yıl orada çalıştım.
Miscellaneous,I want to buy something.,Bir şeyler almak istiyorum.
Miscellaneous,I want to contact our embassy.,Büyükelçiliğimizle iletişime geçmek istiyorum.
Miscellaneous,I want to send this package to the United States.,Bu paketi Amerika Birleşik Devletleri'ne göndermek istiyorum.
Miscellaneous,I want to show you something.,Sana bir şey göstermek istiyorum.
Miscellaneous,"I went to the supermarket, and then to the computer store.",Süpermarkete ve ardından bilgisayar mağazasına gittim.
Miscellaneous,My car isn't working.,Arabam çalışmıyor.
Miscellaneous,Nobody is helping us.,Kimse bize yardım etmiyor.
Miscellaneous,Nobody is there right now.,Şu anda kimse orada değil.
Miscellaneous,One like that.,Bunun gibi bir tane.
Miscellaneous,Open the door.,Kapıyı aç.
Miscellaneous,Open the window.,Pencereyi aç.
Miscellaneous,Pick up your clothes.,Elbiselerini topla.
Miscellaneous,Please.,Lütfen.
Miscellaneous,Please count this for me.,Lütfen bunu benim için sayın.
Miscellaneous,Please tell her John called.,Lütfen ona John'un aradığını söyleyin.
Miscellaneous,Please tell me.,Lütfen söyle.
Miscellaneous,Please wait for me.,Lütfen benim için bekle.
Miscellaneous,She's going with me tomorrow.,Yarın benimle geliyor.
Miscellaneous,Some books.,Bazı kitaplar.
Miscellaneous,Someone does that for me.,Birisi bunu benim için yapıyor.
Miscellaneous,Someone is coming.,Birisi geliyor.
Miscellaneous,"Sorry, I don't have a pencil.","Üzgünüm, kalemim yok."
Miscellaneous,Start the car.,Arabayı çalıştır.
Miscellaneous,Take me downtown.,Beni şehir merkezine götür.
Miscellaneous,Tell him that I need to talk to him.,Onunla konuşmam gerektiğini söyle.
Miscellaneous,That car over there is mine.,Oradaki araba benim.
Miscellaneous,That looks old.,Bu eski görünüyor.
Miscellaneous,That's a good school.,İyi bir okul.
Miscellaneous,That's her book.,Bu onun kitabı.
Miscellaneous,That's not enough.,Bu yeterli değil.
Miscellaneous,The car is fixed.,Araba sabitlendi.
Miscellaneous,These books are ours.,Bu kitaplar bizim.
Miscellaneous,The TV is broken.,Televizyon bozuldu.
Miscellaneous,They haven't met her yet.,Henüz onunla tanışmadılar.
Miscellaneous,They're planning to come next year.,Gelecek yıl gelmeyi planlıyorlar.
Miscellaneous,They're waiting for us.,Bizi bekliyorlar.
Miscellaneous,This room is a mess.,Bu oda tam bir karmaşa.
Miscellaneous,Those men are speaking English.,Bu adamlar İngilizce konuşuyor.
Miscellaneous,What color is that car?,Bu araba ne renk?
Miscellaneous,What do you think of these shoes?,Bu ayakkabılar hakkında ne düşünüyorsunuz?
Miscellaneous,When would you like to meet?,Ne zaman buluşmak istersin?
Miscellaneous,Where does your wife work?,Eşin nerede çalışıyor?
Miscellaneous,Where is Main Street?,Ana Cadde nerede?
Miscellaneous,Where is my shirt?,Gömleğim nerede?
Miscellaneous,Where is the bus station?,Otobüs durağı nerede?
Miscellaneous,Which road should I take?,Hangi yolu seçmeliyim?
Miscellaneous,You're right.,Haklısın.
Miscellaneous,Your house is very nice.,Eviniz çok güzel.
